"","species","w_inf","k_vb","n","p","w_max","w_min","w_mat","alpha","interaction_resource","pred_kernel_type","beta","sigma","h","k","ks","z0","q","gamma","w_mat25","m","erepro","R_max"
"G. braueri","G. braueri",26.6,0.3,0.666666666666667,0.7,26.6,0.001,6.65,0.6,1,"lognormal",30,2,6.71620324279717,0,0.756619775257022,0.200997522736064,0.716666666666666,1.66461232175181e-11,5.95812375794107,1,1,Inf
"K. anderssoni","K. anderssoni",13.8,0.7,0.666666666666667,0.7,13.8,0.001,3.45,0.6,1,"lognormal",30,2,12.4192180167586,0,1.43004002826629,0.25014484360135,0.716666666666666,3.0781056781433e-11,3.09105668645063,1,1,Inf
"E. antarctica","E. antarctica",26.78,0.2,0.666666666666667,0.7,26.78,0.001,6.695,0.6,1,"lognormal",30,2,4.48811164248585,0,0.505498508122302,0.200546179474475,0.716666666666666,1.11237937140928e-11,5.9984418886339,1,1,Inf
"T. macrura","T. macrura",0.318,0.43,0.666666666666667,0.7,0.318,0.001,0.0795,0.6,1,"lognormal",30,2,1.78412718109113,0,0.232949340262324,0.879040484389169,0.716666666666666,4.42196279929689e-12,0.0712286975573406,1,1,Inf
"S. arcticus","S. arcticus",0.97,0.8,0.666666666666667,0.7,0.97,0.001,0.2425,0.6,1,"lognormal",30,2,5.26680254544717,0,0.662579342223297,0.606122871869888,0.716666666666666,1.30537806800108e-11,0.217269926511385,1,1,Inf
