"","Layer","POC_mg","DIC_inject","DIC_mg","DIC_remin","POC_export"
"1","Epi",6.53423630797116,6.14405222656411,10.4200104189087,4.27595819234461,0.224041807655388
"2","Umeso",3.57401583095738,5.58625480807925,8.75124623022344,3.16499142214419,0.0590503855111979
"3","Lmeso",1.0452382729404,1.17047934830503,1.88952531581797,0.719045967512937,4.41799826132331e-06
