"","Layer","POC_mg","DIC_inject","DIC_mg","DIC_remin","POC_export"
"1","Epi",4.5048084996293,5.66478425295189,9.9407424452965,4.27595819234461,0.224041807655388
"2","Umeso",3.04487962716573,5.44030574956867,8.60529717171286,3.16499142214419,0.0590503855111979
"3","Lmeso",0.662649617625078,1.14886485041099,1.86791081792393,0.719045967512937,4.41799826132331e-06
