"","species","w_inf","k_vb","biomass_observed","biomass_cutoff","n","p","w_max","w_min","w_mat","alpha","interaction_resource","pred_kernel_type","beta","sigma","h","k","ks","z0","q","gamma","w_mat25","m","erepro","R_max"
"Sergestes spp.","Sergestes spp.",0.97,0.8,38154.637578,0.5,0.666666666666667,0.7,0.97,0.001,0.2425,0.6,1,"lognormal",30,2,5.26680254544717,0,0.662579342223297,0.606122871869888,0.716666666666666,1.29824350441619e-11,0.217269926511385,1,1,Inf
"E. similis","E. similis",0.417,0.6,62981.401401,0.5,0.666666666666667,0.7,0.417,0.001,0.10425,0.6,1,"lognormal",30,2,2.79619597199068,0,0.361809236560177,0.803105435733426,0.716666666666666,6.8924992467197e-12,0.0934036694383995,1,1,Inf
"Nannobranchium achirus","Nannobranchium achirus",58.3,0.4,22131.408818,0.5,0.666666666666667,0.7,58.3,0.001,14.575,0.6,1,"lognormal",30,2,11.7824621775644,0,1.29309474937525,0.154737318117431,0.716666666666666,2.9043247503697e-11,13.0585945521791,1,1,Inf
"Cyclothone spp.","Cyclothone spp.",1.62,0.9,149931.55167,0.5,0.666666666666667,0.7,1.62,0.001,0.405,0.6,1,"lognormal",30,2,7.24085669686684,0,0.895480289698687,0.510872954929035,0.716666666666666,1.78483911101659e-11,0.362863176235509,1,1,Inf
"Bathylagus spp.","Bathylagus spp.",81.43,0.5,50215.438243,0.5,0.666666666666667,0.7,81.43,0.001,20.3575,0.6,1,"lognormal",30,2,16.5374143132533,0,1.79483572334078,0.138427732630707,0.716666666666666,4.07639939541299e-11,18.2394743462083,1,1,Inf
